,rule,object_category,group,candidate,answer
0,Bring me a letter from the word 'letter',object to bring,object type,L-shaped block,no
1,Bring me a letter from the word 'letter',object to bring,object type,block,no
2,Bring me a letter from the word 'letter',object to bring,object type,bowl,no
3,Bring me a letter from the word 'letter',object to bring,object type,container,no
4,Bring me a letter from the word 'letter',object to bring,object type,cross (block of this shape),no
5,Bring me a letter from the word 'letter',object to bring,object type,diamond (block of this shape),no
6,Bring me a letter from the word 'letter',object to bring,object type,flower (block of this shape),no
7,Bring me a letter from the word 'letter',object to bring,object type,heart (block of this shape),no
8,Bring me a letter from the word 'letter',object to bring,object type,hexagon (block of this shape),no
9,Bring me a letter from the word 'letter',object to bring,object type,letter A,no
10,Bring me a letter from the word 'letter',object to bring,object type,letter E,yes
11,Bring me a letter from the word 'letter',object to bring,object type,letter G,no
12,Bring me a letter from the word 'letter',object to bring,object type,letter M,no
13,Bring me a letter from the word 'letter',object to bring,object type,letter R,yes
14,Bring me a letter from the word 'letter',object to bring,object type,letter T,yes
15,Bring me a letter from the word 'letter',object to bring,object type,letter V,no
16,Bring me a letter from the word 'letter',object to bring,object type,pallet,no
17,Bring me a letter from the word 'letter',object to bring,object type,pan,no
18,Bring me a letter from the word 'letter',object to bring,object type,pentagon (block of this shape),no
19,Bring me a letter from the word 'letter',object to bring,object type,ring (block of this shape),no
20,Bring me a letter from the word 'letter',object to bring,object type,round (block of this shape),no
21,Bring me a letter from the word 'letter',object to bring,object type,shorter block,no
22,Bring me a letter from the word 'letter',object to bring,object type,small block,no
23,Bring me a letter from the word 'letter',object to bring,object type,star (block of this shape),no
24,Bring me a letter from the word 'letter',object to bring,object type,triangle (block of this shape),no
25,Bring me a letter from the word 'letter',object to bring,object color,brick,yes
26,Bring me a letter from the word 'letter',object to bring,object color,tiles,yes
27,Bring me a letter from the word 'letter',object to bring,object color,wooden,yes
28,Bring me a letter from the word 'letter',object to bring,object color,granite,yes
29,Bring me a letter from the word 'letter',object to bring,object color,plastic,yes
30,Bring me a letter from the word 'letter',object to bring,object color,polka dot,yes
31,Bring me a letter from the word 'letter',object to bring,object color,checkerboard,yes
32,Bring me a letter from the word 'letter',object to bring,object color,tiger,yes
33,Bring me a letter from the word 'letter',object to bring,object color,magma,yes
34,Bring me a letter from the word 'letter',object to bring,object color,rainbow,yes
35,Bring me a letter from the word 'letter',object to bring,object color,blue,yes
36,Bring me a letter from the word 'letter',object to bring,object color,cyan,yes
37,Bring me a letter from the word 'letter',object to bring,object color,green,yes
38,Bring me a letter from the word 'letter',object to bring,object color,olive,yes
39,Bring me a letter from the word 'letter',object to bring,object color,orange,yes
40,Bring me a letter from the word 'letter',object to bring,object color,pink,yes
41,Bring me a letter from the word 'letter',object to bring,object color,purple,yes
42,Bring me a letter from the word 'letter',object to bring,object color,red,yes
43,Bring me a letter from the word 'letter',object to bring,object color,yellow,yes
44,Bring me a letter from the word 'letter',object to bring,object color,dark blue,yes
45,Bring me a letter from the word 'letter',object to bring,object color,dark cyan,yes
46,Bring me a letter from the word 'letter',object to bring,object color,dark green,yes
47,Bring me a letter from the word 'letter',object to bring,object color,dark orange,yes
48,Bring me a letter from the word 'letter',object to bring,object color,dark pink,yes
49,Bring me a letter from the word 'letter',object to bring,object color,dark purple,yes
50,Bring me a letter from the word 'letter',object to bring,object color,dark red,yes
51,Bring me a letter from the word 'letter',object to bring,object color,dark yellow,yes
52,Bring me a letter from the word 'letter',object to bring,object color,red and yellow stripe,yes
53,Bring me a letter from the word 'letter',object to bring,object color,red and green stripe,yes
54,Bring me a letter from the word 'letter',object to bring,object color,red and blue stripe,yes
55,Bring me a letter from the word 'letter',object to bring,object color,red and purple stripe,yes
56,Bring me a letter from the word 'letter',object to bring,object color,yellow and green stripe,yes
57,Bring me a letter from the word 'letter',object to bring,object color,yellow and blue stripe,yes
58,Bring me a letter from the word 'letter',object to bring,object color,yellow and purple stripe,yes
59,Bring me a letter from the word 'letter',object to bring,object color,green and blue stripe,yes
60,Bring me a letter from the word 'letter',object to bring,object color,green and purple stripe,yes
61,Bring me a letter from the word 'letter',object to bring,object color,blue and purple stripe,yes
62,Bring me a letter from the word 'letter',object to bring,object color,dark red and yellow stripe,yes
63,Bring me a letter from the word 'letter',object to bring,object color,dark red and green stripe,yes
64,Bring me a letter from the word 'letter',object to bring,object color,dark red and blue stripe,yes
65,Bring me a letter from the word 'letter',object to bring,object color,dark red and purple stripe,yes
66,Bring me a letter from the word 'letter',object to bring,object color,dark yellow and green stripe,yes
67,Bring me a letter from the word 'letter',object to bring,object color,dark yellow and blue stripe,yes
68,Bring me a letter from the word 'letter',object to bring,object color,dark yellow and purple stripe,yes
69,Bring me a letter from the word 'letter',object to bring,object color,dark green and blue stripe,yes
70,Bring me a letter from the word 'letter',object to bring,object color,dark green and purple stripe,yes
71,Bring me a letter from the word 'letter',object to bring,object color,dark blue and purple stripe,yes
72,Bring me a letter from the word 'letter',object to bring,object color,red and yellow polka dot,yes
73,Bring me a letter from the word 'letter',object to bring,object color,red and green polka dot,yes
74,Bring me a letter from the word 'letter',object to bring,object color,red and blue polka dot,yes
75,Bring me a letter from the word 'letter',object to bring,object color,red and purple polka dot,yes
76,Bring me a letter from the word 'letter',object to bring,object color,yellow and green polka dot,yes
77,Bring me a letter from the word 'letter',object to bring,object color,yellow and blue polka dot,yes
78,Bring me a letter from the word 'letter',object to bring,object color,yellow and purple polka dot,yes
79,Bring me a letter from the word 'letter',object to bring,object color,green and blue polka dot,yes
80,Bring me a letter from the word 'letter',object to bring,object color,green and purple polka dot,yes
81,Bring me a letter from the word 'letter',object to bring,object color,blue and purple polka dot,yes
82,Bring me a letter from the word 'letter',object to bring,object color,dark red and yellow polka dot,yes
83,Bring me a letter from the word 'letter',object to bring,object color,dark red and green polka dot,yes
84,Bring me a letter from the word 'letter',object to bring,object color,dark red and blue polka dot,yes
85,Bring me a letter from the word 'letter',object to bring,object color,dark red and purple polka dot,yes
86,Bring me a letter from the word 'letter',object to bring,object color,dark yellow and green polka dot,yes
87,Bring me a letter from the word 'letter',object to bring,object color,dark yellow and blue polka dot,yes
88,Bring me a letter from the word 'letter',object to bring,object color,dark yellow and purple polka dot,yes
89,Bring me a letter from the word 'letter',object to bring,object color,dark green and blue polka dot,yes
90,Bring me a letter from the word 'letter',object to bring,object color,dark green and purple polka dot,yes
91,Bring me a letter from the word 'letter',object to bring,object color,dark blue and purple polka dot,yes
92,Bring me a letter from the word 'letter',object to bring,object color,red swirl,yes
93,Bring me a letter from the word 'letter',object to bring,object color,yellow swirl,yes
94,Bring me a letter from the word 'letter',object to bring,object color,green swirl,yes
95,Bring me a letter from the word 'letter',object to bring,object color,blue swirl,yes
96,Bring me a letter from the word 'letter',object to bring,object color,purple swirl,yes
97,Bring me a letter from the word 'letter',object to bring,object color,dark red swirl,yes
98,Bring me a letter from the word 'letter',object to bring,object color,dark yellow swirl,yes
99,Bring me a letter from the word 'letter',object to bring,object color,dark green swirl,yes
100,Bring me a letter from the word 'letter',object to bring,object color,dark blue swirl,yes
101,Bring me a letter from the word 'letter',object to bring,object color,dark purple swirl,yes
102,Bring me a letter from the word 'letter',object to bring,object color,red paisley,yes
103,Bring me a letter from the word 'letter',object to bring,object color,yellow paisley,yes
104,Bring me a letter from the word 'letter',object to bring,object color,green paisley,yes
105,Bring me a letter from the word 'letter',object to bring,object color,blue paisley,yes
106,Bring me a letter from the word 'letter',object to bring,object color,purple paisley,yes
